Manager,State
Anna Andreadi,Alabama
Chuck Magee,Alaska
Kelly Williams,Arizona
Cassandra Brandow,Arkansas
Ava Monroe,California
Rose Mia,Colorado
Adam Khalifa,Connecticut
Sunny Dee,Delaware
Sophie Leon,Florida
James Ness,Georgia
Neesham Root,Hawaii
Smith Steve,Idaho
Aria Sundar,Illinois
Kane Vig,Indiana
Prem Krishnan,Iowa
Kanan Shrine,Kansas
Toad Broad,Kentucky
Lousie Rose,Louisiana
Jamsime Dee,Maine
Lily Lake,Maryland
Dwyne ,Massachusetts
Oscar,Michigan
Sotta Scott,Minnesota
Peeshamana,Mississippi
Jackson,Missouri
Abraham,Montana
Skinner,Nebraska
Thomson,Nevada
Bower,New Hampshire
Wilson,New Jersey
Morrison,New Mexico
Mills,New York
Howard,North Carolina
Wilkins,North Dakota
Brown,Ohio
Graham,Oklahoma
Buckland,Oregon
Underwood,Pennsylvania
Marshall,Rhode Island
Lyman,South Carolina
Fisher,South Dakota
Robertson,Tennessee
Wright,Texas
Springer,Utah
Ross,Vermont
MacDonald,Virginia
Mills,Washington
Metcalfe,West Virginia
Skinner,Wisconsin
Parsons,Wyoming
